{
  "model_path": "C:\\Users\\alexp\\OneDrive\\Documents\\two-stage-nids-cicids2017\\outputs\\vae_20260406_215952\\model.pt",
  "threshold_path": "C:\\Users\\alexp\\OneDrive\\Documents\\two-stage-nids-cicids2017\\outputs\\vae_20260406_215952\\threshold.json",
  "threshold": 0.03993692249059677,
  "threshold_method": "roc_optimal",
  "precision": 0.6634552763367693,
  "recall": 0.796228584775988,
  "f1": 0.7238033793661034,
  "roc_auc": 0.873826237280882,
  "pr_auc": 0.7036819524169202,
  "alert_rate": 0.290609,
  "confusion_matrix": {
    "tn": 303410,
    "fp": 44958,
    "fn": 22682,
    "tp": 88629
  },
  "recall_at_fpr_1pct": 0.13642856501154424,
  "recall_at_fpr_5pct": 0.4284841570015542,
  "recall_at_fpr_10pct": 0.7463323481057578,
  "fnr": 0.20377141522401201,
  "tpr": 0.6634552763367693,
  "scoring": "mse",
  "evaluated_at": "2026-04-06T22:15:56.923336+00:00"
}