{
  "model_path": "C:\\Users\\alexp\\OneDrive\\Documents\\vae-anomaly-detection\\outputs\\vae_20260321_174812\\model.pt",
  "threshold_path": "C:\\Users\\alexp\\OneDrive\\Documents\\vae-anomaly-detection\\outputs\\vae_20260321_174812\\threshold.json",
  "threshold": -171.10560607910156,
  "threshold_method": "roc_optimal",
  "threshold_percentile": 95.0,
  "threshold_k": 3.0,
  "precision": 0.9212843086483687,
  "recall": 0.831761863944518,
  "f1": 0.8742372742536549,
  "roc_auc": 0.924142399359249,
  "pr_auc": 0.8632317402763301,
  "alert_rate": 0.513928,
  "confusion_matrix": {
    "tn": 8799,
    "fp": 912,
    "fn": 2159,
    "tp": 10674
  },
  "recall_at_fpr_1pct": 0.004909218421257695,
  "recall_at_fpr_5pct": 0.34255435206109247,
  "recall_at_fpr_10pct": 0.8541260811969142,
  "fnr": 0.16823813605548196,
  "scoring": "recon_prob",
  "evaluated_at": "2026-03-21T17:49:18.287360+00:00"
}