{
  "model_path": "C:\\Users\\alexp\\OneDrive\\Documents\\vae-anomaly-detection\\outputs\\20260316_152731\\model.pt",
  "threshold_path": "C:\\Users\\alexp\\OneDrive\\Documents\\vae-anomaly-detection\\outputs\\20260316_152731\\threshold.json",
  "threshold": 0.09679945409297935,
  "threshold_method": "percentile",
  "threshold_percentile": 95.0,
  "precision": 0.9582319545823196,
  "recall": 0.7365386113925037,
  "f1": 0.8328854033572719,
  "roc_auc": 0.9544655072224715,
  "pr_auc": 0.9584694519461526,
  "alert_rate": 0.437544,
  "confusion_matrix": {
    "tn": 9299,
    "fp": 412,
    "fn": 3381,
    "tp": 9452
  },
  "recall_at_fpr_1pct": 0.5298059689862075,
  "recall_at_fpr_5pct": 0.7593703732564482,
  "recall_at_fpr_10pct": 0.8372944751811735,
  "fnr": 0.2634613886074963,
  "evaluated_at": "2026-03-16T15:28:58.177824+00:00"
}