{
  "model_path": "C:\\Users\\alexp\\OneDrive\\Documents\\two-stage-nids-cicids2017\\outputs\\vae_20260406_223406\\model.pt",
  "threshold_path": "C:\\Users\\alexp\\OneDrive\\Documents\\two-stage-nids-cicids2017\\outputs\\vae_20260406_223406\\threshold.json",
  "threshold": 0.03570685535669327,
  "threshold_method": "roc_optimal",
  "precision": 0.694689241249318,
  "recall": 0.754920897305747,
  "f1": 0.7235537492519578,
  "roc_auc": 0.8940881014186053,
  "pr_auc": 0.7381906499471111,
  "alert_rate": 0.263144,
  "confusion_matrix": {
    "tn": 311437,
    "fp": 36931,
    "fn": 27280,
    "tp": 84031
  },
  "recall_at_fpr_1pct": 0.17198659611359166,
  "recall_at_fpr_5pct": 0.5226796992211012,
  "recall_at_fpr_10pct": 0.7483447278346255,
  "fnr": 0.24507910269425304,
  "tpr": 0.694689241249318,
  "scoring": "mse",
  "evaluated_at": "2026-04-06T22:44:21.561900+00:00"
}