{
  "clf_run_dir": "C:\\Users\\alexp\\OneDrive\\Documents\\vae-anomaly-detection\\outputs\\clf_20260318_172531",
  "confidence_threshold": 0.6,
  "macro_f1": 0.822271623759047,
  "novel_anomaly_rate": 0.21043065981825365,
  "per_class_recall": {
    "DoS": 0.9466546112115732,
    "Probe": 0.9272567922874672,
    "R2L": 0.6619318181818182,
    "U2R": 0.6666666666666666
  },
  "confusion_matrix": [
    [
      6282,
      354,
      0,
      0
    ],
    [
      166,
      2116,
      0,
      0
    ],
    [
      1,
      352,
      699,
      4
    ],
    [
      0,
      0,
      6,
      12
    ]
  ],
  "class_names": [
    "DoS",
    "Probe",
    "R2L",
    "U2R"
  ],
  "n_test_samples": 12655,
  "n_novel": 2663,
  "evaluated_at": "2026-03-18T17:26:08.164854+00:00"
}