{
  "model_path": "C:\\Users\\alexp\\OneDrive\\Documents\\vae-anomaly-detection\\outputs\\20260316_084154\\model.pt",
  "threshold_path": "C:\\Users\\alexp\\OneDrive\\Documents\\vae-anomaly-detection\\outputs\\20260316_084154\\threshold.json",
  "threshold": 1.6122255563735934,
  "threshold_method": "percentile",
  "threshold_percentile": 95.0,
  "precision": 0.9354912764003673,
  "recall": 0.6350814306865114,
  "f1": 0.7565560454861917,
  "roc_auc": 0.9154512300200327,
  "pr_auc": 0.9293995223159732,
  "alert_rate": 0.386444,
  "confusion_matrix": {
    "tn": 9149,
    "fp": 562,
    "fn": 4683,
    "tp": 8150
  },
  "evaluated_at": "2026-03-16T08:58:58.145356+00:00"
}