{
  "model_path": "C:\\Users\\alexp\\OneDrive\\Documents\\vae-anomaly-detection\\outputs\\20260316_103139\\model.pt",
  "threshold_path": "C:\\Users\\alexp\\OneDrive\\Documents\\vae-anomaly-detection\\outputs\\20260316_103139\\threshold.json",
  "threshold": 0.8715598464012144,
  "threshold_method": "percentile",
  "threshold_percentile": 95.0,
  "precision": 0.963338301043219,
  "recall": 0.5037013948414244,
  "f1": 0.6615156321956711,
  "roc_auc": 0.9340292514929817,
  "pr_auc": 0.9396396669893858,
  "alert_rate": 0.29764,
  "confusion_matrix": {
    "tn": 9465,
    "fp": 246,
    "fn": 6369,
    "tp": 6464
  },
  "recall_at_fpr_1pct": 0.317151094833632,
  "recall_at_fpr_5pct": 0.6986674978570871,
  "recall_at_fpr_10pct": 0.784384009974285,
  "evaluated_at": "2026-03-16T10:32:35.850527+00:00"
}