{
  "model_path": "C:\\Users\\alexp\\OneDrive\\Documents\\vae-anomaly-detection\\outputs\\20260316_104812\\model.pt",
  "threshold_path": "C:\\Users\\alexp\\OneDrive\\Documents\\vae-anomaly-detection\\outputs\\20260316_104812\\threshold.json",
  "threshold": 0.07982294410467147,
  "threshold_method": "percentile",
  "threshold_percentile": 95.0,
  "precision": 0.94822995759787,
  "recall": 0.7493181641081587,
  "f1": 0.837120222860625,
  "roc_auc": 0.9511260570357082,
  "pr_auc": 0.9546650114564253,
  "alert_rate": 0.449831,
  "confusion_matrix": {
    "tn": 9186,
    "fp": 525,
    "fn": 3217,
    "tp": 9616
  },
  "recall_at_fpr_1pct": 0.39375048702563703,
  "recall_at_fpr_5pct": 0.7341229642328372,
  "recall_at_fpr_10pct": 0.8244369983635939,
  "evaluated_at": "2026-03-16T10:49:04.375549+00:00"
}