{
  "model_path": "C:\\Users\\alexp\\OneDrive\\Documents\\vae-anomaly-detection\\outputs\\20260316_152950\\model.pt",
  "threshold_path": "C:\\Users\\alexp\\OneDrive\\Documents\\vae-anomaly-detection\\outputs\\20260316_152950\\threshold.json",
  "threshold": 0.11477572396397588,
  "threshold_method": "percentile",
  "threshold_percentile": 95.0,
  "precision": 0.9566873872067375,
  "recall": 0.743551780565729,
  "f1": 0.8367606436620336,
  "roc_auc": 0.9513530568214511,
  "pr_auc": 0.9551275354373892,
  "alert_rate": 0.442424,
  "confusion_matrix": {
    "tn": 9279,
    "fp": 432,
    "fn": 3291,
    "tp": 9542
  },
  "recall_at_fpr_1pct": 0.5121951219512195,
  "recall_at_fpr_5pct": 0.7567988778929323,
  "recall_at_fpr_10pct": 0.8267747214213356,
  "fnr": 0.25644821943427104,
  "evaluated_at": "2026-03-16T15:30:44.064514+00:00"
}