{
  "model_path": "C:\\Users\\alexp\\OneDrive\\Documents\\vae-anomaly-detection\\outputs\\20260316_153255\\model.pt",
  "threshold_path": "C:\\Users\\alexp\\OneDrive\\Documents\\vae-anomaly-detection\\outputs\\20260316_153255\\threshold.json",
  "threshold": 28.158511352539012,
  "threshold_method": "percentile",
  "threshold_percentile": 95.0,
  "precision": 0.9329288113555098,
  "recall": 0.670926517571885,
  "f1": 0.7805276040250204,
  "roc_auc": 0.879782890661283,
  "pr_auc": 0.922193995315727,
  "alert_rate": 0.409377,
  "confusion_matrix": {
    "tn": 9092,
    "fp": 619,
    "fn": 4223,
    "tp": 8610
  },
  "recall_at_fpr_1pct": 0.522247331099509,
  "recall_at_fpr_5pct": 0.6064832852801372,
  "recall_at_fpr_10pct": 0.7949816878360477,
  "fnr": 0.329073482428115,
  "scoring": "elbo",
  "evaluated_at": "2026-03-16T16:29:02.255663+00:00"
}