{
  "clf_run_dir": "C:\\Users\\alexp\\OneDrive\\Documents\\vae-anomaly-detection\\outputs\\clf_20260318_173640",
  "confidence_threshold": 0.6,
  "macro_f1": 0.7594930990370085,
  "novel_anomaly_rate": 0.19312524693796917,
  "per_class_recall": {
    "DoS": 0.9573057953144266,
    "Probe": 0.9298097251585624,
    "R2L": 0.6495079485238455,
    "U2R": 0.40540540540540543
  },
  "confusion_matrix": [
    [
      6211,
      275,
      0,
      2
    ],
    [
      166,
      2199,
      0,
      0
    ],
    [
      0,
      452,
      858,
      11
    ],
    [
      0,
      0,
      22,
      15
    ]
  ],
  "class_names": [
    "DoS",
    "Probe",
    "R2L",
    "U2R"
  ],
  "n_test_samples": 12655,
  "n_novel": 2444,
  "evaluated_at": "2026-03-18T17:37:32.601152+00:00"
}