{
  "model_path": "outputs\\vae_20260405_213312\\model.pt",
  "threshold_path": "outputs\\vae_20260405_213312\\threshold.json",
  "threshold": 32.47653579711914,
  "threshold_method": "roc_optimal",
  "precision": 0.4248702780189384,
  "recall": 0.9452524907691063,
  "f1": 0.5862389819365047,
  "roc_auc": 0.8181332369874225,
  "pr_auc": 0.6129672628796877,
  "alert_rate": 0.538735,
  "confusion_matrix": {
    "tn": 205940,
    "fp": 142428,
    "fn": 6094,
    "tp": 105217
  },
  "recall_at_fpr_1pct": 0.2929809273117661,
  "recall_at_fpr_5pct": 0.3147936861586007,
  "recall_at_fpr_10pct": 0.45565128334126903,
  "fnr": 0.05474750923089362,
  "tpr": 0.4248702780189384,
  "scoring": "elbo",
  "evaluated_at": "2026-04-06T22:49:59.858889+00:00"
}