{
  "model_path": "outputs\\vae_20260405_213312\\model.pt",
  "threshold_path": "outputs\\vae_20260405_213312\\threshold.json",
  "threshold": 0.07806285694241522,
  "threshold_method": "percentile",
  "precision": 0.7901261287258474,
  "recall": 0.5903639352804305,
  "f1": 0.67579185520362,
  "roc_auc": 0.9030179768427764,
  "pr_auc": 0.7526947454970287,
  "alert_rate": 0.180928,
  "confusion_matrix": {
    "tn": 330913,
    "fp": 17455,
    "fn": 45597,
    "tp": 65714
  },
  "recall_at_fpr_1pct": 0.2432014805365148,
  "recall_at_fpr_5pct": 0.5897170989390087,
  "recall_at_fpr_10pct": 0.7592331395818922,
  "fnr": 0.4096360647195695,
  "tpr": 0.7901261287258474,
  "scoring": "mse",
  "evaluated_at": "2026-04-06T23:02:23.911094+00:00"
}