{
  "model_path": "outputs\\vae_20260405_213312\\model.pt",
  "threshold_path": "outputs\\vae_20260405_213312\\threshold.json",
  "threshold": 0.2280259703582551,
  "threshold_method": "sigma",
  "precision": 0.8886905880142777,
  "recall": 0.25498827609131175,
  "f1": 0.3962750176266501,
  "roc_auc": 0.9031139760747217,
  "pr_auc": 0.752495570214985,
  "alert_rate": 0.069479,
  "confusion_matrix": {
    "tn": 344813,
    "fp": 3555,
    "fn": 82928,
    "tp": 28383
  },
  "recall_at_fpr_1pct": 0.24511503804655424,
  "recall_at_fpr_5pct": 0.5920888321908886,
  "recall_at_fpr_10pct": 0.759080414334612,
  "fnr": 0.7450117239086883,
  "tpr": 0.8886905880142777,
  "scoring": "mse",
  "evaluated_at": "2026-04-06T23:04:19.307917+00:00"
}