{
  "model_path": "C:\\Users\\alexp\\OneDrive\\Documents\\two-stage-nids-cicids2017\\outputs\\vae_20260406_152808\\model.pt",
  "threshold_path": "C:\\Users\\alexp\\OneDrive\\Documents\\two-stage-nids-cicids2017\\outputs\\vae_20260406_152808\\threshold.json",
  "threshold": 0.05567987635731697,
  "threshold_method": "roc_optimal",
  "precision": 0.70942053401928,
  "recall": 0.7755118541743403,
  "f1": 0.7409953989836561,
  "roc_auc": 0.8871388612625565,
  "pr_auc": 0.743076185482217,
  "alert_rate": 0.264709,
  "confusion_matrix": {
    "tn": 313010,
    "fp": 35358,
    "fn": 24988,
    "tp": 86323
  },
  "recall_at_fpr_1pct": 0.15262642506131469,
  "recall_at_fpr_5pct": 0.5300015272524728,
  "recall_at_fpr_10pct": 0.7738228926161835,
  "fnr": 0.22448814582565965,
  "tpr": 0.70942053401928,
  "scoring": "mse",
  "evaluated_at": "2026-04-06T15:42:11.150632+00:00"
}