{
  "model_path": "C:\\Users\\alexp\\OneDrive\\Documents\\vae-anomaly-detection\\outputs\\20260316_102805\\model.pt",
  "threshold_path": "C:\\Users\\alexp\\OneDrive\\Documents\\vae-anomaly-detection\\outputs\\20260316_102805\\threshold.json",
  "threshold": 0.7142277002334593,
  "threshold_method": "percentile",
  "threshold_percentile": 95.0,
  "precision": 0.9707745465015837,
  "recall": 0.5254422192784228,
  "f1": 0.6818342686687902,
  "roc_auc": 0.9325017473141803,
  "pr_auc": 0.9398328463755637,
  "alert_rate": 0.308109,
  "confusion_matrix": {
    "tn": 9508,
    "fp": 203,
    "fn": 6090,
    "tp": 6743
  },
  "recall_at_fpr_1pct": 0.3048390867295254,
  "recall_at_fpr_5pct": 0.7052131224187641,
  "recall_at_fpr_10pct": 0.7313956206654718,
  "evaluated_at": "2026-03-16T10:29:03.966454+00:00"
}