{
  "model_path": "C:\\Users\\alexp\\OneDrive\\Documents\\vae-anomaly-detection\\outputs\\20260316_093605\\model.pt",
  "threshold_path": "C:\\Users\\alexp\\OneDrive\\Documents\\vae-anomaly-detection\\outputs\\20260316_093605\\threshold.json",
  "threshold": 3.7725547790527267,
  "threshold_method": "percentile",
  "threshold_percentile": 99.0,
  "precision": 0.9856881851400731,
  "recall": 0.25224031793033586,
  "f1": 0.40168765899360925,
  "roc_auc": 0.9152223084113663,
  "pr_auc": 0.9293037792102408,
  "alert_rate": 0.145671,
  "confusion_matrix": {
    "tn": 9664,
    "fp": 47,
    "fn": 9596,
    "tp": 3237
  },
  "evaluated_at": "2026-03-16T09:54:41.583552+00:00"
}