{
  "model_path": "C:\\Users\\alexp\\OneDrive\\Documents\\vae-anomaly-detection\\outputs\\20260316_163813\\model.pt",
  "threshold_path": "C:\\Users\\alexp\\OneDrive\\Documents\\vae-anomaly-detection\\outputs\\20260316_163813\\threshold.json",
  "threshold": 0.0720779299736023,
  "threshold_method": "roc_optimal",
  "threshold_percentile": 95.0,
  "threshold_k": 3.0,
  "precision": 0.9356057029553394,
  "recall": 0.7721499259721032,
  "f1": 0.8460553278688525,
  "roc_auc": 0.9502312659116607,
  "pr_auc": 0.9548263282439564,
  "alert_rate": 0.469792,
  "confusion_matrix": {
    "tn": 9029,
    "fp": 682,
    "fn": 2924,
    "tp": 9909
  },
  "recall_at_fpr_1pct": 0.4055949505181953,
  "recall_at_fpr_5pct": 0.7320969375827944,
  "recall_at_fpr_10pct": 0.8153978025403257,
  "fnr": 0.22785007402789684,
  "scoring": "mse",
  "evaluated_at": "2026-03-16T17:13:00.845850+00:00"
}