{
  "model_path": "C:\\Users\\alexp\\OneDrive\\Documents\\vae-anomaly-detection\\outputs\\vae_20260316_163813\\model.pt",
  "threshold_path": "C:\\Users\\alexp\\OneDrive\\Documents\\vae-anomaly-detection\\outputs\\vae_20260316_163813\\threshold.json",
  "threshold": 0.0720779299736023,
  "threshold_method": "roc_optimal",
  "threshold_percentile": 95.0,
  "threshold_k": 3.0,
  "precision": 0.9360098011497503,
  "recall": 0.7739421803163719,
  "f1": 0.8472956833304897,
  "roc_auc": 0.9505460115582365,
  "pr_auc": 0.9553272482048708,
  "alert_rate": 0.47068,
  "confusion_matrix": {
    "tn": 9032,
    "fp": 679,
    "fn": 2901,
    "tp": 9932
  },
  "recall_at_fpr_1pct": 0.4299851944206343,
  "recall_at_fpr_5pct": 0.7349801293540092,
  "recall_at_fpr_10pct": 0.8166445881711213,
  "fnr": 0.22605781968362815,
  "tpr": 0.9360098011497503,
  "novelty_recall": 0.7733333333333333,
  "n_unseen_attacks": 3750,
  "scoring": "mse",
  "evaluated_at": "2026-03-21T20:35:57.079439+00:00"
}