{
  "model_path": "C:\\Users\\alexp\\OneDrive\\Documents\\vae-anomaly-detection\\outputs\\vae_20260316_163813\\model.pt",
  "threshold_path": "C:\\Users\\alexp\\OneDrive\\Documents\\vae-anomaly-detection\\outputs\\vae_20260316_163813\\threshold.json",
  "threshold": 0.0720779299736023,
  "threshold_method": "roc_optimal",
  "threshold_percentile": 95.0,
  "threshold_k": 3.0,
  "precision": 0.9394661582459485,
  "recall": 0.767942024468168,
  "f1": 0.8450885392102216,
  "roc_auc": 0.9503814529628062,
  "pr_auc": 0.9548532120861775,
  "alert_rate": 0.465312,
  "confusion_matrix": {
    "tn": 9076,
    "fp": 635,
    "fn": 2978,
    "tp": 9855
  },
  "recall_at_fpr_1pct": 0.4019325177277332,
  "recall_at_fpr_5pct": 0.7348242811501597,
  "recall_at_fpr_10pct": 0.8188264630250136,
  "fnr": 0.232057975531832,
  "novelty_recall": 0.7688,
  "n_unseen_attacks": 3750,
  "scoring": "mse",
  "evaluated_at": "2026-03-21T18:59:02.030204+00:00"
}