{
  "model_path": "C:\\Users\\alexp\\OneDrive\\Documents\\vae-anomaly-detection\\outputs\\20260316_105255\\model.pt",
  "threshold_path": "C:\\Users\\alexp\\OneDrive\\Documents\\vae-anomaly-detection\\outputs\\20260316_105255\\threshold.json",
  "threshold": 0.07716383188962916,
  "threshold_method": "percentile",
  "threshold_percentile": 95.0,
  "precision": 0.942052661925812,
  "recall": 0.7638899711680823,
  "f1": 0.8436679719437153,
  "roc_auc": 0.9533798297325874,
  "pr_auc": 0.9569451114757365,
  "alert_rate": 0.461586,
  "confusion_matrix": {
    "tn": 9108,
    "fp": 603,
    "fn": 3030,
    "tp": 9803
  },
  "recall_at_fpr_1pct": 0.543832307332658,
  "recall_at_fpr_5pct": 0.7342008883347619,
  "recall_at_fpr_10pct": 0.8312943193329697,
  "evaluated_at": "2026-03-16T10:53:46.813464+00:00"
}