{
  "model_path": "C:\\Users\\alexp\\OneDrive\\Documents\\two-stage-nids-cicids2017\\outputs\\vae_20260406_161720\\model.pt",
  "threshold_path": "C:\\Users\\alexp\\OneDrive\\Documents\\two-stage-nids-cicids2017\\outputs\\vae_20260406_161720\\threshold.json",
  "threshold": 0.010240978561341763,
  "threshold_method": "roc_optimal",
  "precision": 0.6158203506033834,
  "recall": 0.7940365282856142,
  "f1": 0.6936645280279397,
  "roc_auc": 0.887093075119221,
  "pr_auc": 0.740927921398713,
  "alert_rate": 0.312227,
  "confusion_matrix": {
    "tn": 293229,
    "fp": 55139,
    "fn": 22926,
    "tp": 88385
  },
  "recall_at_fpr_1pct": 0.238188498890496,
  "recall_at_fpr_5pct": 0.5789903962770975,
  "recall_at_fpr_10pct": 0.7260019225413481,
  "fnr": 0.2059634717143858,
  "tpr": 0.6158203506033834,
  "scoring": "mse",
  "evaluated_at": "2026-04-06T16:29:11.121175+00:00"
}