{
  "model_path": "C:\\Users\\alexp\\OneDrive\\Documents\\vae-anomaly-detection\\outputs\\20260316_090900\\model.pt",
  "threshold_path": "C:\\Users\\alexp\\OneDrive\\Documents\\vae-anomaly-detection\\outputs\\20260316_090900\\threshold.json",
  "threshold": 1.6065504431724544,
  "threshold_method": "percentile",
  "threshold_percentile": 95.0,
  "precision": 0.9355578488705424,
  "recall": 0.6357827476038339,
  "f1": 0.7570752528532987,
  "roc_auc": 0.9161054000873029,
  "pr_auc": 0.9296773441645341,
  "alert_rate": 0.386844,
  "confusion_matrix": {
    "tn": 9149,
    "fp": 562,
    "fn": 4674,
    "tp": 8159
  },
  "evaluated_at": "2026-03-16T09:10:11.511583+00:00"
}