{
  "model_path": "C:\\Users\\alexp\\OneDrive\\Documents\\two-stage-nids-cicids2017\\outputs\\vae_20260406_163108\\model.pt",
  "threshold_path": "C:\\Users\\alexp\\OneDrive\\Documents\\two-stage-nids-cicids2017\\outputs\\vae_20260406_163108\\threshold.json",
  "threshold": 0.025690853595733643,
  "threshold_method": "roc_optimal",
  "precision": 0.6853774639787866,
  "recall": 0.7709211129178608,
  "f1": 0.725636851785299,
  "roc_auc": 0.8775537534013145,
  "pr_auc": 0.7321825348386051,
  "alert_rate": 0.272373,
  "confusion_matrix": {
    "tn": 308976,
    "fp": 39392,
    "fn": 25499,
    "tp": 85812
  },
  "recall_at_fpr_1pct": 0.14225907592241557,
  "recall_at_fpr_5pct": 0.5781638831741697,
  "recall_at_fpr_10pct": 0.7567266487588827,
  "fnr": 0.22907888708213922,
  "tpr": 0.6853774639787866,
  "scoring": "mse",
  "evaluated_at": "2026-04-06T16:45:27.595550+00:00"
}