{
  "model_path": "C:\\Users\\alexp\\OneDrive\\Documents\\vae-anomaly-detection\\outputs\\20260316_103011\\model.pt",
  "threshold_path": "C:\\Users\\alexp\\OneDrive\\Documents\\vae-anomaly-detection\\outputs\\20260316_103011\\threshold.json",
  "threshold": 0.8565672636032006,
  "threshold_method": "percentile",
  "threshold_percentile": 95.0,
  "precision": 0.968503937007874,
  "recall": 0.5559105431309904,
  "f1": 0.7063716025545819,
  "roc_auc": 0.9375456458020328,
  "pr_auc": 0.9428110405803974,
  "alert_rate": 0.326739,
  "confusion_matrix": {
    "tn": 9479,
    "fp": 232,
    "fn": 5699,
    "tp": 7134
  },
  "recall_at_fpr_1pct": 0.314891295877815,
  "recall_at_fpr_5pct": 0.7097327203303981,
  "recall_at_fpr_10pct": 0.772773318787501,
  "evaluated_at": "2026-03-16T10:31:16.194716+00:00"
}